id,nome,tipo,bairro,telefone,instagram,whatsapp,estrangeiro,avaliacoes,prioridade,observacao,status,arquivo
AD08,Férias em Garopaba,administradora de temporada,Garopaba,Adriana Hermínia (48) 99933-1641; João Julião (48) 99917-7146; Carlos Bebber (48) 99990-5891,@feriasemgaropaba (~13 mil),"**sim** (""atendimento diretamente pelo WhatsApp"")",não encontrado,"**""mais de 50 imóveis""**",A+ (top),"atendimento ""rápido, personalizado e sem burocracia"" pelo WhatsApp: 3 pessoas no WhatsApp, portanto o volume é alto",a contatar,administradoras.md
AD11,Portal da Ferrugem / Diego Imóveis,imobiliária/administradora de temporada,Estrada Geral da Ferrugem 3399,**Reservas (48) 99915-7464**; vendas (48) 99114-9635; fixos 48 3254-0459 / 3254-0355,não encontrado,não sei,não encontrado,não confirmado,A+ (top),"⚠ mesmos telefones da Pousada Caminho do Mar (GA27): a mesma empresa gere pousada + carteira. No Réveillon e no Carnaval só aluga pacotes de 5 a 10 dias; tem página ""Como Alugar?"". Muita pergunta repetida, que o atendente pode responder",a contatar,administradoras.md
AD19,PRAIADAFERRUGEM.net (Gabriel Jean Burg),gestor familiar,Ferrugem,WhatsApp +55 48 99691-0228; fixo 48 3254-0479,não encontrado,sim,,vários aptos (2–3 e 6–8 pessoas),"A+ (top, grupo)","""grupo familiar que aluga imóveis por temporada desde 2013"". O WhatsApp 99691-0228 também aparece em Canoa Azul, El Pátio e Beleza Pura (FE17–19)",a contatar,administradoras.md
AD01,Alexia Consultoria Imobiliária,imobiliária com temporada,"Praia do Rosa (Estrada Geral); diz atuar também em Garopaba, Silveira e Ferrugem",(48) 99167-8144 / (48) 99125-8251,não encontrado,não sei,"site com URLs em inglês (/for-rent), sem evidência de público",não encontrado,A+,"imóveis alto padrão para temporada no Rosa, incluindo casa em condomínio com acesso privativo à praia",a contatar,administradoras.md
AD02,Imobiliária Trip,imobiliária com temporada,"Av. Porto Novo; casas no Rosa, Rosa Norte e Alto Arroio",(48) 99152-7670,"@imobiliariatrip (~7,2 mil)",não sei,não encontrado,não encontrado,A+,"CRECI 6034J; ""mais de 15 anos""; temporadas anunciadas entre R$ 8.750 e R$ 53.998. **Gancho**: uma única reserva paga o ano inteiro do serviço",a contatar,administradoras.md
AD04,Sal Hospedagem,gestora de temporada com marca própria,Praia do Rosa (condomínios fechados),não encontrado (e-mail salhospedagem@gmail.com),não encontrado,não sei,"**sim**: site em inglês (""Private Gated Homes in Praia do Rosa"")","3 unidades citadas: Seiva da Lagoa, Buda da Lagoa, Goa Casas do Mar",A+,"casas alto padrão com vista para o mar e segurança 24h, a partir de R$ 803/noite",a contatar,administradoras.md
AD06,Imobiliária Itapirubá,imobiliária com temporada,"Itapirubá (""Casa Laranja"") e lado de Laguna",(48) 99139-4600 / (48) 99145-6122,não encontrado,não sei,não encontrado,não encontrado,A+,"CRECI 7058J; anuncia ""Itapirubá Norte, disponível temporada""",a contatar,administradoras.md
AD09,Garopaba Imóveis,imobiliária com temporada,"Centro de Garopaba; Morrinhos, Ferrugem e Silveira",Carlos Golle (48) 99694-1616; Simone Falkembach (48) 99958-2979; fixo (48) 3354-1999,não encontrado,não sei,não encontrado,não encontrado,A+,"""desde 1987"", CRECI 3301-J; páginas de temporada por praia (/temporada/ferrugem)",a contatar,administradoras.md
AD12,Ferrugem Imóveis,imobiliária com temporada,Garopaba (R. Paulino Furtado 32) e Ferrugem,Thiago Gomes (48) 99184-7854; Cristhian Fernandes (48) 99959-9912,@ferrugem___imoveis,não sei,não encontrado,não encontrado,A+,"CRECI 2473J; ""mais de 30 anos""; casas, cabanas e aptos para temporada",a contatar,administradoras.md
AD13,Tosetto Imóveis,imobiliária com temporada,Centro de Garopaba,fixo (48) 3254-3161,@tosettoimoveis,não sei,não encontrado,"**86 imóveis de temporada** (trecho do site, conferir)",A+,"""mais de 30 anos""; temporada, locação comercial e vendas",a contatar,administradoras.md
AD16,Zaluski Construtora e Imobiliária,imobiliária com temporada,"Garopaba (Centro, Morrinhos, Ferraz, Siriú)",atendimento (48) 99973-8286,@zaluskioficial_,sim,,~15 de temporada (conferir),A+,"fundada em 1995; ""aluguel por temporada de casas e apartamentos em Garopaba, Morrinhos, Ferraz e centro""",a contatar,administradoras.md
AD17,Heriberto Giraldi Imóveis,imobiliária com temporada,"Garopaba (Centro, Morrinhos, Vigia, Ferraz)",(48) 98406-7158; fixo 48 3254-3438,não (Facebook),não sei,,não encontrado,A+,"""mais de 35 anos""; venda e aluguel por temporada",a contatar,administradoras.md
AD18,Praia da Ferrugem Aluguel,portal de casas (contato com proprietários),Ferrugem,WhatsApp +55 48 98406-1437; fixo 48 3254-0077,não encontrado,sim,,"várias: Casas Amarelas, Morada da Neide, Casa da Lenir, Moradas da Ferrugem…",A+,"pacotes de Carnaval, Réveillon e baixa temporada; perguntas repetidas por casa",a contatar,administradoras.md
AD20,Convés Imobiliária,imobiliária com temporada,"sede na Ferrugem; Silveira, Centro, Ferraz, Pedra Branca",+55 48 98486-8635,@convesimobiliaria (não confirmado),não sei,,67 anúncios no Imovelweb (inclui venda),A+,"""presente na região desde 2016""; CRECI 4569J",a contatar,administradoras.md
AD21,Gralha Azul Locações,administradora de temporada,Garopaba e Imbituba (Praia da Vila; Av. Dr. João Rimsa 601),+55 48 99947-0377,não encontrado,não sei,,não encontrado,A+,"""Aluguel de Temporada – Garopaba e Imbituba""; ligada à Turcâmbio",a contatar,administradoras.md
AD22,Praia do Rosa Imóveis,imobiliária,Praia do Rosa,WhatsApp (48) 99943-8969; 48 99684-1559; fixo 48 3355-7000,não encontrado,sim,,não encontrado,A+,"""estabelecida desde 1989 na Praia do Rosa""; CRECI 3458 J",a contatar,administradoras.md
FE08,Hotel Pousada Capão,pousada,"R. da Praia 30, Capão (50 m da praia)",WhatsApp +55 48 99189-5307; tel. 48 99144-8922,"@pousadacapao (~4,4 mil)",sim,não encontrado,"**Booking 8,2 (503)**; TripAdvisor 3/5 (32)",A+ (grupo c/ FE14),50 m da praia; volume alto no Booking. Mesmos telefones da Pé na Areia (FE14),a contatar,ferrugem-barra.md
FE14,Pousada Pé na Areia,"pé na areia, rústica",Capão (R. das Casuarinas),WhatsApp +55 48 99189-5307; 48 99144-8922,@penaareiaferrugem,sim,não encontrado,"**Google 4,5 (326)**; Booking 8,6 (239)",A+ (grupo c/ FE08),"mesmos telefones da Pousada Capão (FE08): dono com 2 pousadas, ~740 avaliações somadas",a contatar,ferrugem-barra.md
FE17,Pousada Canoa Azul,"piscina, vista da Lagoa Encantada, pet",Estrada Geral da Ferrugem 3003,WhatsApp (48) 99645-6461; 48 99691-0228,@pousadacanoaazul,sim,não encontrado,"**Google 4,5 (266)**; Momondo 9,3 (282)",A+ (grupo 99691-0228),vista da Lagoa Encantada,a contatar,ferrugem-barra.md
FE18,Pousada El Pátio da Ferrugem,"14 quartos, piscina",Estrada Geral 4970,(48) 99645-6461 / 99691-0228; fixo 48 3254-0134,@patiodaferrugem,provável,fraco (listagem em espanhol),variável,A+ (grupo),"""uma quadra da praia""",a contatar,ferrugem-barra.md
FE19,Pousada Beleza Pura,"sem café, cozinha compartilhada, pet",R. Jardim da Lagoa 313,site: +55 48 99818-1655; agregador: 99691-0228,@pousadabelezapura,provável,não encontrado,"TripAdvisor 4/5 (87); Booking 8,1",A+ (grupo),"""não oferece café da manhã, tem uma ótima cozinha compartilhada""",a contatar,ferrugem-barra.md
GA04,Parador Silveira,casas alto padrão / condomínio-hotel,Silveira,não encontrado,@paradorsilveira (~31 mil),não sei,não encontrado,não confiável,A+,"casas com nome próprio (Gaia, Filippo, Belmonti), TVs de 75""; a Belmonti tem piscina aquecida. Contato pelo Instagram ou visita",a contatar,garopaba.md
GA27,"Pousada Caminho do Mar (""MADHOUZE"")","pousada, pet friendly",Capão/Ferrugem (R. das Casuarinas 80),WhatsApp +55 48 99915-7464; 48 99114-9635,não encontrado,sim,não encontrado,Booking (332),A+ (ligada à AD11),⚠ **mesmos telefones do Portal da Ferrugem / Diego Imóveis (AD11)**: a mesma empresa gere pousada + carteira de temporada. Abordar junto com a AD11,a contatar,garopaba.md
IB11,Pedro Silva Imóveis,administradora,Barra de Ibiraquera,locação +55 48 99917-5271; vendas 48 99973-0220,@pedrosilva_imoveis,sim,não encontrado,"Reclame Aqui: 1 reclamação (""divergência de valores"")",A+,"""mais de 50 imóveis"" de temporada; desde 1991",a contatar,ibiraquera.md
IB12,Casas Ibiraquera,administradora / portal,Ibiraquera,WhatsApp (48) 99184-1040; fixo 48 3255-1277,não encontrado,sim,não encontrado,não encontrado,A+,"""mais de 40 residências"" na Barra e na Praia de Ibiraquera",a contatar,ibiraquera.md
RA01,Néia Imóveis,administradora,Praia do Rosa + Ibiraquera,WhatsApp 48 99603-3454,@neiaimoveis,provável,não verificado,n/a,A+,"""mais de 16 anos"" na região; de cabanas de 2 quartos a casas de 5 quartos com piscina",a contatar,rosa-norte-centro.md
RA02,Casa de Praia Imóveis,imobiliária / temporada,"Porto Novo, Praia do Rosa",fixo (48) 3354-0857,não encontrado,não sei,não verificado,n/a,A+,"temporada, mensal, anual e administração; atende seg–sex 9–12h e 14–18h, sáb 9–12h. **Gancho**: fora do horário comercial",a contatar,rosa-norte-centro.md
GA01,Moradas da Silveira,"pousada (5 ""moradas"")","Silveira, 350 m da praia",WhatsApp +55 48 99953-8284; fixo 48 3254-4616,"@moradas_da_silveira (~6,8 mil)",sim,"**forte**: avaliações em espanhol e de hóspede de Buenos Aires; anfitriões ""Gabriela e Facundo"" citados","TripAdvisor 4,8 (40); Booking 9,0 (33)",A (top),"moradas com nome de pássaros; espaço para yoga, terapias e eventos holísticos. Anfitriões provavelmente hispanofalantes (conferir)",a contatar,garopaba.md
GA11,Pousada GaropaSul,pousada,"Centro, 600 m da praia",WhatsApp (48) 99183-1146; fixo 48 3254-3177,@pousadagaropasul,sim,não encontrado,"**Google 4,8 (303)**; Booking 9,0 (41)",A (top),"reserva por telefone ou WhatsApp, sem motor; antiga ""Pousada das Palmeiras"", reformada em 2018",a contatar,garopaba.md
GA17,Pousada A Cabana,pousada com piscina em deck,Estrada Geral da Ferrugem,WhatsApp (48) 99192-5548,@pousadacabana,sim,**site em espanhol**,"**Google 4,7 (206)**; Booking 9,3 (278); TripAdvisor 4,5 (~44)",A (top),"hóspedes elogiam o anfitrião ""João"" (equipe 9,7 no Booking)",a contatar,garopaba.md
GA30,Pousada As Quatro Estações,"pousada + eventos, piscina",Centro (R. Aderbal Ramos da Silva 250),WhatsApp +55 48 98439-2058; fixo 48 3254-4811,não encontrado,sim,não encontrado,"**Booking 9,1 (590+)**; TripAdvisor 4/5 (66), **1º de 75**",A (top),"200 m da praia; equipe elogiada ""em praticamente todas as análises""",a contatar,garopaba.md
RX01,Pousada Rosa Negra,pousada (8 aptos),"R. dos Poncianos, ~700 m do centro do Rosa","WhatsApp BR +55 48 99149-1716; **WhatsApp AR +54 9 351 746-3322** (⚠ o site oficial também é associado a 99204-0521 / +54 11 3410-3990, conferir)",@pousadarosanegrapdr,provável,"**forte**: número argentino e ""Atención en Argentina"" no site","Booking 9,1 (72)",A (top),"hóspedes elogiam o dono ""Leo"" no Booking. Já mantém um WhatsApp só para argentinos",a contatar,rosa-ibiraquera-extra.md
RX21,Pousada Inka,cabanas com cozinha,Praia do Rosa,+55 48 98822-2868; fixo 48 3355-6094,não encontrado,provável,**forte**: site em espanhol e várias avaliações de Buenos Aires,"TripAdvisor 4,5–4,7 (37–38)",A (top),"argentino elogia os donos ""Diego e Ceci"" no TripAdvisor.com.ar; acesso privado à praia a 5 min",a contatar,rosa-ibiraquera-extra.md
RX28,Pousada Cacau,pousada rústica,Centro (R. Fruta do Conde),WhatsApp +55 48 99160-7154 (linktree),@cacaupousada (~26 mil),provável,não encontrado,"**Booking 8,9 (898)**",A (top volume),aceita pet; maior volume de avaliações da leva: muito WhatsApp para responder,a contatar,rosa-ibiraquera-extra.md
RX46,Pousada Studios do Barão,studios e cabanas,Caminho do Alto do Morro 162 (Ibiraquera),+55 48 99679-8666; fixo 48 3355-6229,@pousadastudiosdobarao,provável,**forte**: atende em inglês e espanhol; avaliação em espanhol cita o anfitrião Rogelio,"**TripAdvisor 4/5 (82), 1º de 23 em Ibiraquera**",A (top),"""Very good attention from Rogelio and his staff"" (TripAdvisor)",a contatar,rosa-ibiraquera-extra.md
RX58,Pousada Quinta do Bucanero,pousada de charme (12 aptos vista mar) + Bistrô da Varanda,"Praia do Rosa, alto do costão",WhatsApp (48) 99958-2037; fixo 48 3355-6056,@quinta_do_bucanero,sim,"**forte**: ~25 avaliações em inglês (Londres, Aberdeen); ""staff speak English""; Journey Latin America, Fodor's","**TripAdvisor 4,5 (475)**",A (top),"Roteiros de Charme desde 1996; melhor pousada do ano no Guia 4 Rodas 2015. Ticket alto, perfil exigente: abordagem mais consultiva",a contatar,rosa-ibiraquera-extra.md
AD23,Flor do Mar – Casas para Alugar,4 casas com gestão própria,"Praia do Rosa, 100 m do mar",fixo 48 3355-7102 (celular em formato antigo),@flordomarpraiadorosa,não sei,,"4 casas (Hibisco, Íris, Bromélia, Lavanda)",A,"""mais de 31 anos de experiência""",a contatar,administradoras.md
AD24,Mirante da Barra,condomínio de casas e suítes,"Barra de Ibiraquera, beira da lagoa",WhatsApp 48 99955-9695,não encontrado,sim,,não encontrado,A,piscina de água salgada aquecida; casas com lareira e churrasqueira,a contatar,administradoras.md
FE01,Pousada da Ferrugem,pousada,Estrada Geral do Capão 4250,WhatsApp (48) 99160-6336; fixo (48) 3254-0068,não encontrado (Facebook),sim,listada em diretório em espanhol; avaliação em inglês no Booking,"Booking 9,2 (34–53); TripAdvisor (106)",A,"Booking: limpeza 10,0 e equipe 9,9; hóspede elogia ""proprietários muito atenciosos""",a contatar,ferrugem-barra.md
FE02,Pousada da Praia Ferrugem,pousada,"Rua da Praia, Ferrugem",+55 48 99221-9093 (tel. e WhatsApp),@pousadadapraiaferrugem,sim,não encontrado,"Expedia 8,6",A,"""Refúgio a 30 m do mar"" (bio); 4 hidromassagens; **aceita pet**",a contatar,ferrugem-barra.md
FE03,Pousada do Morro,pousada,Estrada Geral do Capão (~400 m da praia),Fone/WhatsApp (48) 99973-4016,@pousada_do_morro,sim,site em inglês,"Booking 9,3 (62)",A,"""25 anos"", aberta o ano todo; quadra de tênis e mata nativa",a contatar,ferrugem-barra.md
FE04,Ferrujão Pousada e Restaurante,pousada + restaurante,"R. das Garoupas 50, frente para o mar",WhatsApp (48) 99143-5465; fixo 48 3254-0050,@pousadaferrujao (~20 mil),sim,não encontrado,"**Booking 8,4 (413)**",A,restaurante próprio em frente à praia; alto volume,a contatar,ferrugem-barra.md
FE05,Pousada Buena Onda,pousada (20 suítes),"R. das Baleias 22, 50 m da praia",WhatsApp (48) 99175-8619,@pousadabuenaonda,sim,só o nome em espanhol,"Booking 8,8 (52); Agoda 8,8 (113); Google 5,0 (9)",A,"20 suítes, restaurante e área de eventos",a contatar,ferrugem-barra.md
FE06,Pousada Sol da Ferrugem,pousada,R. Jardim da Lagoa 100,WhatsApp (48) 99971-6622; fixo 48 3254-0049,@soldaferrugem,sim,não encontrado,"TripAdvisor 4,5 (22)",A,funciona desde 1998,a contatar,ferrugem-barra.md
FE07,Pousada das Palmeiras,pousada (9 acomodações),Estrada Geral da Ferrugem 3677,WhatsApp/fone (48) 99110-4586,@daspalmeiraspousada,sim,não encontrado,"Booking 8,9 (94)",A,"suítes, chalés e lofts com cozinha; equipe com nota 9,6 no Booking",a contatar,ferrugem-barra.md
FE12,Chalés da Barrinha,chalés,Praia da Barra,WhatsApp (48) 99148-8177; fixo 48 3254-0401,não encontrado (Facebook),sim,não encontrado,5/5 (7) em agregador,A,"chalés de 96 m² com 2 quartos ""entre a lagoa e o mar""",a contatar,ferrugem-barra.md
FE13,Recanto do Sossego,"unidades com cozinha, piscina, pet","Ferrugem (R. dos Eucaliptos), ~500 m do mar",(48) 99183-8715 / 99149-3064 / 99142-5292,@recantodosossegoferrugem,provável,não encontrado,"Booking 8,9",A,"lista do pousadasincriveis: ""melhor para atendimento dos funcionários""; aceita pet",a contatar,ferrugem-barra.md
FE15,Pousada Areia Nova,pousada 3*,Ferrugem (R. Jardim das Flores 200),+55 48 99176-8327,@areianovasc,provável,não encontrado,"Kayak 9,3 (104)",A (grupo c/ GA19),mesmo número da Barbatana (GA19): mesmo dono,a contatar,ferrugem-barra.md
FE16,Pousada Koh Phangan,pousada/hostel estilo tailandês (19 quartos),centro da Ferrugem (R. das Baleias 22),(48) 99136-0040; fixo 48 3254-0347,não (Facebook),provável,"**sim**: avaliação em espanhol (""La mejor pousada de Ferrugem!"")","**Google 4,6 (169)**",A,"""no coração da Ferrugem, Capital do Surf de SC""",a contatar,ferrugem-barra.md
FE21,Pousada Maunaloa,"50 m do mar, pet",Estrada Geral do Capão 3584,WhatsApp (48) 98811-9200; fixos 48 3254-0180 / 1025,@pousada_maunaloa_,sim,"fraco (hóspede em inglês cita ""language barriers"")","TripAdvisor 3,6 (12)",A,não cobra taxa para pets pequenos. **Gancho**: hóspede estrangeiro relatou barreira de idioma (mencionar com tato),a contatar,ferrugem-barra.md
FE22,Pousada Paradise Ferrugem,"familiar com piscina, desde 1994",R. Jardim das Flores 300,(48) 99172-7355,@paradiseferrugem,provável,não encontrado,"Booking 8,4 (65); Trivago 9,0 (194)",A,"gestão ""familiar, atenciosa""; equipe 9,2",a contatar,ferrugem-barra.md
FE23,Pousada Kalua Praia,13 quartos + restaurante,R. das Casuarinas 7,WhatsApp 48 9139-2034 (provável 99139-2034),@pousadakaluapraia,sim,"**forte**: dono argentino (Beto Reboredo); avaliações de argentinos (""nos sentimos como en casa"")",Booking (103); TripAdvisor 2/5 (24),A,"dono argentino com público argentino; avaliações recentes fracas, dor de gestão (não citar)",a contatar,ferrugem-barra.md
FE24,Ferrugem Pousada Região,"familiar, 10 quartos, piscina",R. do Colégio,WhatsApp (48) 99101-2911,não encontrado,sim,não encontrado,"Booking 8,7 (95), equipe 9,6",A,"equipe 9,6; sem site: o WhatsApp é o canal",a contatar,ferrugem-barra.md
FE26,Hotel Ferrugem Eco Village,pequeno hotel eco,R. do Bougainville 80,+55 48 99182-4262; fixo 48 3254-0135,não (Facebook),provável,fraco,"**Google 4,3 (504)**; Booking 8,6 (889)",A,volume altíssimo; reclamações de manutenção,a contatar,ferrugem-barra.md
FE27,Morada Vista da Lagoa,"guest house, piscina, vista lagoa",Capão,+55 48 99143-7976,não (Facebook),provável,"avaliações em inglês (""wonderful owners"")","Booking 9,3 (62)",A,"""incredible reception"", café da manhã caseiro",a contatar,ferrugem-barra.md
GA02,Silveira Ecovillage,pousada/hotel 3 estrelas,Alto do morro da Silveira,WhatsApp (48) 99182-0512; fixo 48 3354-1740,@silveiraecovillage,sim,avaliações em inglês no TripAdvisor,"**Booking 8,7 (238)**; TripAdvisor 3,9 (184)",A,"reuso de água da chuva, energia solar; deck de 300 m² com piscina; restaurante próprio",a contatar,garopaba.md
GA03,Morada Prainha,pousada (cabanas e studios),"Silveira, canto sul",fixo 48 3354-1182 (celular não encontrado),@moradaprainha,"não sei (agregador: ""WhatsApp disponível"")",**sim**: avaliações em inglês,"**TripAdvisor 4,9 (154), 1º de 43 em Garopaba**; Booking 9,5 (70)",A,"academia, sala de massagem, forno de pizza e ""sala de TV com binóculos"" (para baleias)",a contatar,garopaba.md
GA05,Pousada Recanto do Siriú,pousada (12 aptos com cozinha),"Siriú, 30 m da praia",(48) 99977-4645; fixo 48 3245-5323,"@pousadarecantodosiriu (~4,8 mil)",não sei,não encontrado,"**Google 4,6 (248)**",A,"aptos com cozinha, cadeiras de praia, garagem coberta; reserva por formulário. **Gancho**: formulário em vez de resposta na hora",a contatar,garopaba.md
GA12,Pousada Bronzatto,pousada familiar (24 aptos),"Centro, 50 m da praia",WhatsApp (48) 99111-4936; fixo 48 3254-3873,@pousadabronzatto,sim,não encontrado,"Booking 8,7 (153)",A,"""pousada familiar fundada em 1994""; garagem fechada e vigia noturno",a contatar,garopaba.md
GA13,Pousada Village Garopaba,pousada,"Centro, 800 m da praia",WhatsApp +55 48 99967-1170,@villagegaropaba (~11 mil),sim,não encontrado,"**Google 4,5 (366)**; Booking 9,0 (283)",A,piscina aquecida e coberta; reserva por formulário com confirmação por e-mail. **Gancho**: resposta lenta,a contatar,garopaba.md
GA19,Pousada Barbatana,pousada + pizzaria,Ferrugem centro,WhatsApp 48 99176-8327 / 99670-0122; fixo 48 3254-0112,@pousadabarbatanasc,sim,fraco,"8,8 (99), plataforma não identificada",A (grupo c/ FE15),"""mais de 30 anos de tradição"", a 100 m do mar. Mesmo número da Areia Nova (FE15)",a contatar,garopaba.md
GA21,Hotel Pousada da Lagoa,"pousada rústica (17 aptos), pet friendly","Centro, 500 m da praia",WhatsApp (48) 99140-2028; fixo 48 3254-3201,não encontrado,sim,não encontrado,"**TripAdvisor 4,7 (158)**, 3º de 43; Booking 9,6 (90+)",A,sauna com sala de repouso; piscina sazonal; aceita pet,a contatar,garopaba.md
GA24,Pousada do Sol Garopaba,pousada,Centro (R. Francisco Pacheco de Souza 607),WhatsApp (48) 99653-2997; fixo 48 3254-4350,@pousadadosolgaropaba,sim,não encontrado,"**TripAdvisor 4,8 (159)**",A,"listada como ""#2 of 122 B&Bs"" no TripAdvisor",a contatar,garopaba.md
GA25,Pousada Poente do Sol,pousada,Centro (R. Viúva Maria Antônia dos Santos 489),WhatsApp (48) 99696-4007; fixo 48 3254-4991,não encontrado,sim,não encontrado,não encontrado,A,reserva direta pelo site,a contatar,garopaba.md
GA31,Pousada Colina Verde,"pousada com piscina, pet friendly",Palhocinha,"(48) 3254-4625; celular em formato antigo (48 9176-2028, provavelmente 99176-2028)",@pousadacolinaverdegaropaba,provável,não encontrado,"9,2 (517), provável Booking",A,aceita pet sob consulta; café das 7h45 às 10h muito elogiado,a contatar,garopaba.md
GA32,Pousada Garopaba,pousada,Centro (R. João Lino da Silva Neto 407),WhatsApp (48) 99958-2790 / 99915-3331,@pousadagaropaba,sim,não encontrado,"Booking 9,0 (1), nova",A,recepção 24h; aceita pet. Pousada nova: momento de montar processos,a contatar,garopaba.md
GA33,Residencial da Praça,pousada/residencial,"Centro, 300 m do mar",(48) 99112-0190; fixo 48 3254-4081,não encontrado,provável,não encontrado,"Booking 8,5 (158)",A,perto do Centro Histórico,a contatar,garopaba.md
GA34,Pousada Costa Azul,17 aptos com mini-cozinha,"Centro Histórico, uma quadra da praia",fixo 48 3254-3321; 48 9971-0575 (formato antigo),@pousada.costa.azul,provável,não encontrado,"9,2 (193); TripAdvisor 4,4 (24)",A,"diárias ""a partir de R$ 200 com café""",a contatar,garopaba.md
GA35,Acqua Viva,apart-pousada à beira-mar,Centro (Av. dos Pescadores 159),(48) 99174-7536,@pousadaacquaviva,provável,não encontrado,"TripAdvisor 4,5 (5)",A,"""40 anos nas memórias das suas férias""; aptos de frente para o mar",a contatar,garopaba.md
GA36,Morada do Sol Apart Hotel,apart-hotel (aptos para 2 a 7 pessoas),Centro (R. Nereu Ramos 341),fixo +55 48 3254-3317 (rotulado tel. e WhatsApp),não (Facebook),sim (fixo),não encontrado,"**Booking 9,8 (66)**; Google 4,7 (75)",A,donos Georgia e Luis Garcia elogiados; **atende 8–12h e 14–22h**: gancho do atendimento fora do horário,a contatar,garopaba.md
GA42,Pousada Lagoa Encantada,"pousada, pet friendly",Encantada (Estrada Geral da Ferrugem 2924),WhatsApp +55 48 99668-1062; fixos 48 3254-0488 / 0094,@lagoaencantada.pousada,sim,não encontrado,"**Booking 9,0 (210)**",A,"vista para a lagoa, aceita pet, 450 m da Ferrugem",a contatar,garopaba.md
IB01,Pousada Barra Mar,pousada média,Barra de Ibiraquera (Av. Sul 2400),WhatsApp msg (48) 99991-7146; lig. (48) 99926-5885; fixo 48 3355-0007,@pousadabarramaroficial,sim,**sim**: avaliação em espanhol de uruguaio no Booking,"Google 4,6 (257); Booking 9,0 (53); TripAdvisor 4,5 (132 ou 153, conferir)",A,"piscina e sala de jogos; ""500 m do mar e 300 m da lagoa""",a contatar,ibiraquera.md
IB02,Pousada Natural Park,pousada (12 casas),Praia do Luz / Ibiraquera (Av. Paraíso do Luz 2001),(48) 99967-4260; fixo (48) 3355-6488,"@naturalparkpousada (~7,2 mil)","sim (""Celular/WhatsApp"", aceita reserva pelo WhatsApp)",não encontrado,"Google 4,7 (130); Kayak 8,5 (42)",A,à beira da lagoa e em frente à praia; caiaque e SUP grátis,a contatar,ibiraquera.md
IB03,Pousada Toca da Lagoa,pousada (8 aptos),Barra de Ibiraquera (R. Porto Seguro),(48) 99155-5530,@tocadalagoa,provável,não encontrado,"Booking 9,6 (33); TripAdvisor 4,5 (15–17)",A,"""apenas oito apartamentos""; cozinha completa e piscina",a contatar,ibiraquera.md
IB04,Pousada Flor da Barra,pousada pequena,Barra de Ibiraquera (Av. Jovino Tomé Marques),+55 48 99141-9494,"@pousadaflordabarra (~4,9 mil)",não sei,não encontrado,"TripAdvisor 4,7 (75)",A,anfitriões Thiago e Camila elogiados nas avaliações; aberta em dez/2018; 200 m da barra; também anuncia no Airbnb,a contatar,ibiraquera.md
IB05,Pousada Raia 1,pousada,Barra de Ibiraquera (Av. Jovino Tomé Marques),WhatsApp (48) 99121-3065,@pousadaraia1 (+ @raia1windsurf),sim,"indício de kite/windsurf, sem evidência","TripAdvisor 4,3 (27–28)",A,"guarderia para windsurf, kite e SUP; de frente para o mar e a lagoa",a contatar,ibiraquera.md
IB07,Pousada Beija Flor,pousada familiar,Barra de Ibiraquera (R. 14 de Julho),WhatsApp (48) 99951-1844; fixo (48) 3355-0277,não encontrado,sim,não encontrado,"TripAdvisor existe, nº não encontrado",A,150 m do mar; atendimento seg–sáb das 8h às 22h. **Gancho**: fora desse horário ninguém responde,a contatar,ibiraquera.md
IM07,Pousada Recanto das Baleias,"pousada (23 aptos, 2 piscinas)",Itapirubá Norte,+55 48 99947-1018,"@pousadarecantodasbaleias (~4,6 mil)",não sei,não encontrado,"**Google 4,4 (260)**; TripAdvisor 3/5 (13)",A,"desde 1997; ""a 10 m da praia Norte""; 2 piscinas. Sem site, então o WhatsApp é o canal",a contatar,imbituba.md
IM16,Austral Suítes a Beira-Mar,pousada (5 suítes),Ribanceira (Av. Atlântica 255),não encontrado,@austral.suites,não sei,não encontrado,"Hotels.com 9,9 (12)",A,"pé na areia, 6 min a pé do mirante das baleias-francas da Ribanceira. Nova (0 avaliações no TripAdvisor)",a contatar,imbituba.md
IM17,Pousada Paraíso 26,pousada + restaurante,perto da Praia d'Água/Ribanceira,WhatsApp no linktr.ee/paraiso26 (número não exibido),@paraiso26_,provável,não encontrado,"**Booking 9,8 (119)**",A,vista para o mar em algumas unidades; restaurante family-friendly,a contatar,imbituba.md
IM20,Cabanas Hamarhavida,"cabanas (2, 4 e 6 pessoas)",Ribanceira,48 99188-8844; fixo 48 3255-1662,@hamarhavida,provável,não encontrado,TripAdvisor (sem nota),A,"fogueira de frente para o mar; ""ideal spot for whale watching""",a contatar,imbituba.md
RN01,Pousada Rosa Norte,pousada,Rosa Norte ⚠,WhatsApp (48) 99167-3990,@rosanortepousada,provável,avaliação em inglês no Booking,"Booking 9,1; TripAdvisor 4/5 (43)",A,suítes e casas com piscina de borda infinita a 250 m da praia,a contatar,rosa-norte-centro.md
RN02,Pousada Lagoa do Rosa,pousada (studios),Lagoa do Rosa ⚠,+55 48 99152-8435,não confirmado,não sei,não verificado,"**Google 4,8 (138)**; Booking 9,6 (66); TripAdvisor 5,0 (22)",A,perto da Lagoa do Rosa; hóspedes citam caiaque e pôr do sol,a contatar,rosa-norte-centro.md
RN06,Pousada Sonho do Vale,pousada,Vale do Rosa,WhatsApp (48) 99155-3603,não encontrado,provável,não verificado,"Kayak 8,5 (262); TripAdvisor 3/5 (17)",A,"avaliação no TripAdvisor (mar/2025) relata reserva direta que ""não existia"" no Carnaval. Dor de **organização de reservas**: não citar a avaliação na mensagem",a contatar,rosa-norte-centro.md
RN09,Pousada Refúgio do Rosa,pousada,Av. Porto Novo ⚠ (~300 m do centro),WhatsApp BR +55 48 99205-0270; **AR +54 9 385 507-3006**,não encontrado,provável,**forte**: publica número argentino,"Booking 4,0/5 (46)",A,"""há 18 anos na Praia do Rosa""; kitchenette e churrasqueira individual. Já tem número argentino, ou seja, atende hispanofalante",a contatar,rosa-norte-centro.md
RN12,Pousada Natribu's,pousada,Estrada Geral do Rosa (conferir se é Rosa Sul),+55 48 99143-5442; fixo 48 3355-6447,@pousada_natribus,provável (Kayak: equipe fala por WhatsApp),fraco (Kayak em espanhol),"**Google 4,1 (750)**; Momondo 8,5 (1.157)",A,"suítes e chalés com jacuzzi privativa, em meio à mata nativa. Muito volume: mais mensagens para responder",a contatar,rosa-norte-centro.md
RS01,Pousada Rosa Sul,pousada (5 cabanas),"Rosa Sul, de frente para a praia",+55 48 98862-1957,não encontrado (Facebook /PousadaRosaSul),não sei,não encontrado,"Booking 8,9 (32); TripAdvisor (14)",A,"5 cabanas com vista para o mar e a lagoa, cada uma com nome de praia (Ibiraquera, Praia do Luz, Praia Vermelha)",a contatar,rosa-sul.md
RS02,Pousada Caminho do Rei,pousada (8 chalés e suítes),Estrada do Alto do Morro 919,WhatsApp (48) 99841-7817,@caminhodorei,provável,site em inglês,"TripAdvisor 4/5 (130); Booking 9,5 (48)",A,piscina aquecida a energia solar com vista panorâmica; restaurante só na alta temporada,a contatar,rosa-sul.md
RS03,Pousada The Rosebud,pousada (6 quartos),Caminho do Rei 515,(48) 99982-5050; Instagram: (48) 99927-8225,@pousadatherosebud,não sei,não encontrado,"Booking 8,5 (90); TripAdvisor 4/5 (71)",A,"""apenas 6 quartos"", no meio da Mata Atlântica",a contatar,rosa-sul.md
RS04,Villa Buena Vista,pousada,Alto do Caminho do Rei 1001,(48) 98811-9151,@villabuenavista,não sei,"nome em espanhol e suíte ""Puerto Escondido""; avaliações em espanhol não confirmadas","TripAdvisor 4,2 (~152); Booking 8,8",A,trilha direta para o Rosa Sul; está no Guia Pet Friendly; hóspedes elogiam o pão de queijo e a tapioca da proprietária,a contatar,rosa-sul.md
RS05,Morada dos Bougainvilles,pousada (6 suítes),Caminho do Alto do Morro,WhatsApp (48) 99931-9240,@pousadamoradadosbougainvilles,provável,**sim**: avaliação em espanhol no tripadvisor.com.ar,"**Google 4,7 (127)**; TripAdvisor (137); Booking ~9 (113–124, conferir)",A,"""apenas 6 suítes"" com banheira ou spa e vista para o sul da praia",a contatar,rosa-sul.md
RS09,Pousada Descanso do Rei,pousada,"R. Seu Mané Chico, 300 m do centro",celular/WhatsApp (48) 99864-1316; fixo 48 3355-7124,@descansodorei,não sei,**forte**: site com página em espanhol e avaliação em espanhol no tripadvisor.es,"**TripAdvisor 4,8 (415), 1º de 65, Travelers' Choice**",A,deck panorâmico com vista para a praia; 1º lugar no TripAdvisor do Rosa,a contatar,rosa-sul.md
RX02,Shiva Boutique Hotel,"pousada boutique, só casais (6 quartos)",120 m do centro do Rosa,(48) 98484-2441,"@shiva_boutiquehotel (~6,5 mil)","provável (hóspedes: dona Magali ""disponível via WhatsApp"")",não encontrado,Booking ~357–417 avaliações (divergente); TripAdvisor 4/5 (17),A,"decoração importada da Indonésia, inspiração budista e hindu; Magali e Charlie atendem pessoalmente. Dona atende o WhatsApp sozinha",a contatar,rosa-ibiraquera-extra.md
RX03,Pousada Gopak,pousada 3* (12 quartos),Centro do Rosa (Av. Porto Novo),WhatsApp +55 48 99181-5113; Simone +55 48 99161-7713,@pousadagopak,provável,não encontrado,"TripAdvisor 4,5 (51), 11º de 79",A,"é case da HotelariaWeb (""+28% de oportunidades de reservas diretas""): já investe em canal direto. O atendente complementa o site, não concorre com ele. Falar com a Simone",a contatar,rosa-ibiraquera-extra.md
RX07,Pousada Rosa Paradise,pousada (aptos com cozinha),Praia do Rosa/Ibiraquera (endereço divergente),WhatsApp (48) 99207-9646,@pousadarosaparadise_,provável,não encontrado,"Booking 9,8",A,aptos com cozinha; e-mail reservas@,a contatar,rosa-ibiraquera-extra.md
RX08,Pousada Rosa 08,pousada (8 quartos),"R. Fruta do Conde, 150 m do centrinho",+55 48 99166-1425,não encontrado,não sei,não encontrado,"**Booking 9,8 (213)**",A,"""Café da manhã gourmet e a 150 m do Centrinho""; suítes com banheira, piscina aquecida",a contatar,rosa-ibiraquera-extra.md
RX09,Bangalôs do Rosa,bangalôs com cozinha,~200 m do centro,WhatsApp +55 48 99115-0412; fixo 48 3354-0412,@pousadabangalosdorosa,provável,não encontrado,"**Google 4,3 (133)**; Kayak 8,9 (155); TripAdvisor 4,2 (56)",A,todos os bangalôs com cozinha e churrasqueira privativa,a contatar,rosa-ibiraquera-extra.md
RX10,Vila no Rosa Hospedaria,"hospedaria (10 quartos, cozinha compartilhada)",Estrada Geral do Rosa,WhatsApp (48) 99632-7131,@vilanorosa,provável,não encontrado,"Booking 9,4 (159)",A,~5 min a pé do Santuário de Angelina; anfitrião elogiado,a contatar,rosa-ibiraquera-extra.md
RX12,Pousada Paraíso do Luz,pousada (6–7 quartos),Praia do Luz / Barra de Ibiraquera,+55 48 99107-1771,não encontrado,não sei,não encontrado,"Booking 9 (43); TripAdvisor 5,0 (4)",A,anfitriões Cândida e Cristiano; tirolesa e muro de escalada para crianças (público família),a contatar,rosa-ibiraquera-extra.md
RX13,Pousada do Paraíso,pousada familiar (aptos com cozinha),"Barra de Ibiraquera (R. 15 Leste, 2)",WhatsApp (48) 99114-2252; fixo 48 3355-0116,@pousadadoparaiso,provável,não encontrado,"**Booking 9,1 (176)**; TripAdvisor 4/5",A,50 m da praia; piscina adulto e infantil; **aceita pet**,a contatar,rosa-ibiraquera-extra.md
RX16,Villa Gardena Suítes,pousada de suítes,R. Mané Chico (Rosa),+55 48 99129-6363,@villagardena,provável,avaliações em inglês no TripAdvisor,"TripAdvisor 5/5 (37), 8º de 85",A,"36 das 37 avaliações são ""Excelente"", elogiando o café caseiro com orgânicos locais; blogs a chamam de ""a mais bem avaliada do Rosa (9,8)""",a contatar,rosa-ibiraquera-extra.md
RX17,Pousada Vivenda do Rosa,pousada,Centro do Rosa,(48) 98416-0188,@vivendadorosa,provável,não encontrado,"TripAdvisor 4,7 (47)",A,piscina aquecida; café da manhã servido no quarto,a contatar,rosa-ibiraquera-extra.md
RX18,Pousada Watu Kererê,chalés e bangalôs,"Estrada Geral do Rosa, 600 m do centrinho",WhatsApp +55 48 99222-3394,@pousada_watu_kerere,sim,"**forte**: equipe fala inglês, espanhol e indonésio; avaliações em espanhol","TripAdvisor 4,5 (40)",A,chalés espaçosos; nome e equipe ligados à Indonésia. Já atende 3 idiomas à mão,a contatar,rosa-ibiraquera-extra.md
RX19,Pousada Casa do Ceo,pousada / B&B com yoga,Av. Porto Novo 962,WhatsApp (48) 99169-5129; fixo 48 3355-6677,@pousadacasadoceo,provável,"**sim**: avaliações em inglês e bilíngue PT/ES (""Mejor que en familia"")","**TripAdvisor 4,5 (159)**, 11º de 79",A,"Nene e Nilo chegaram ao Rosa em 1973; yoga shala, retiros e o empório ""Armazém Coisas do Ceo""",a contatar,rosa-ibiraquera-extra.md
RX20,KaOra Cabanas,3 cabanas + 1 suíte,Centro do Rosa (R. Dona Eugênia),WhatsApp 48 99839-9898,@kaoracabanas,sim,**site em espanhol**,"Airbnb 4,82 (78); Booking 9,4 (16)",A,cabanas rústicas em área verde no centro do Rosa,a contatar,rosa-ibiraquera-extra.md
RX22,Pousada Araçatuba,pousada,Lagoa de Ibiraquera (Araçatuba),Tel. e WhatsApp (48) 99952-1043 / (48) 99181-4610,não encontrado,sim,não encontrado,"Trivago 8,9 (171); Booking 8,7 (41)",A,a poucos metros da lagoa; hóspedes elogiam limpeza e donos atenciosos,a contatar,rosa-ibiraquera-extra.md
RX23,Pousada Morada dos Sisais,pousada (9 suítes),R. do Mirante 201,WhatsApp reservas +55 48 99172-7475; info 48 98844-8280,não encontrado,sim,não encontrado,"TripAdvisor 4,5 (~150); Booking 8,5 (138)",A,todas as suítes com vista para a praia; baleias-francas de agosto a novembro,a contatar,rosa-ibiraquera-extra.md
RX24,Pousada Refúgio dos Pássaros,chalés,Av. Central 300,48 99662-4555; fixo 48 3355-7392; também (51) 98057-3489,não encontrado (Facebook),não sei,"avaliação em inglês (""astonishing hospitality of the owners"")","**Booking 9,2 (166)**; TripAdvisor 4,9 (23)",A,chalés Canário e Bem-te-vi com lareira e hidro aquecida a gás,a contatar,rosa-ibiraquera-extra.md
RX29,Hotel Pousada Laguna Rosa,pousada,Barra de Ibiraquera (R. Eucalipto),+55 48 99827-2867 / +55 47 99610-4218,@pousadalagunarosa,provável (Instagram: reservas pelo WhatsApp),não encontrado,"agregador 9,2 (258)",A,"sem site: o WhatsApp é o único canal direto; atendimento ""familiar e personalizado""",a contatar,rosa-ibiraquera-extra.md
RX30,Pousada Rosa Karioka,pousada,Centro comercial do Rosa,WhatsApp +55 48 99212-8576 / +55 21 99192-0250,@pousadarosakarioka,sim,não encontrado,"**Booking 9,6 (~127)**; TripAdvisor 5,0 (48)",A,dono Leonardo elogiado; café da manhã servido no quarto,a contatar,rosa-ibiraquera-extra.md
RX33,Cabanas no Rosa,4 chalés + 3 suítes,R. Pico da Tribo,não encontrado,"@cabanasnorosa (~7,5 mil)","provável (bio: ""reservas via direct"")",não encontrado,não confirmado,A,reserva **só pelo direct do Instagram**: abordar por DM. O atendente pode assumir o WhatsApp e tirar o peso do direct,a contatar,rosa-ibiraquera-extra.md
RX35,Meio Roots,cabanas (até 3 pessoas),Estrada Geral do Rosa,(48) 99685-6791,@meio.roots_praia.do.rosa,provável,fraco (Airbnb em inglês),"9,6 (204), provável Booking",A,"hospedagem ""afetuosa e descomplicada"", longe do agito",a contatar,rosa-ibiraquera-extra.md
RX37,Pousada Horizontes do Rosa,pousada,Av. Porto Novo (Ibiraquera),+55 48 99197-6141,não encontrado,provável,site em inglês; funcionário cubano elogiado (provavelmente hispanofalante),"**Booking 9,0 (147)**; TripAdvisor 5/5 (11), 2º de 25 em Ibiraquera",A,"avaliação de nov/2025 elogia o funcionário cubano, ""always very helpful""",a contatar,rosa-ibiraquera-extra.md
RX38,Paraíso Hostel,hostel (~44 leitos) + bar e restaurante,~500 m do centrinho,+55 48 99156-5768 (conferir),@paraisohostelpraiadorosa,provável,"**forte**: Hostelworld, avaliações em inglês, pratos argentinos, ""viajantes do mundo todo desde 2014""","Booking 8,9 (207)",A,"espaço de trabalho remoto com bom Wi-Fi. Público estrangeiro, mas ticket menor",a contatar,rosa-ibiraquera-extra.md
RX40,Pousada Elementais do Rosa,"pousada (9 quartos), pet friendly",perto do Surfland,WhatsApp (48) 98835-3004 (bio),"@pousadaelementaisdorosa (~3,3 mil)",sim,não encontrado,"~9,7 (102), via agregador",A,"perto do Surfland, ~25 min a pé do centrinho; aceita pet. Sem site: o WhatsApp é o canal",a contatar,rosa-ibiraquera-extra.md
RX42,Doce Cabana Pousada,"cabanas com piscina, pet friendly",Ibiraquera / Barra,WhatsApp 48 99664-9997,"@docecabanapousada (~2,6 mil)",sim,fraco,"Airbnb 4,93 (59); Booking 8,4 (17)",A,café da manhã opcional; uma cabana para até 8 pessoas,a contatar,rosa-ibiraquera-extra.md
RX47,Pousada La Creación,"pousada (16 quartos), terraço e piscina",Ibiraquera,+55 48 99675-8410,não encontrado,provável,nome em espanhol,"Booking 8,6 (67); Trivago 8,2 (100)",A,terraço na cobertura com vista,a contatar,rosa-ibiraquera-extra.md
RX48,Pousada Village do Luz,"bangalôs, borda infinita, spa, bikes grátis","Barra de Ibiraquera (Av. Paraíso do Luz), 800 m da praia",+55 48 99823-6566,@villagedoluz,provável,**sim**: Booking indexado em espanhol-AR e holandês; avaliações em inglês,"Booking 9,4 (76); TripAdvisor 4,8 (17), 1º na Barra",A,"piscina de borda infinita com spa; ""amazing architecture""",a contatar,rosa-ibiraquera-extra.md
RX49,Pousada Villa Bella,"cabanas, aptos, kitnets; foco em kite e windsurf","Barra de Ibiraquera (Av. Sul 294), 100 m da praia",WhatsApp (48) 98500-7777; 48 99991-7934,não encontrado,sim,não encontrado,Reclame Aqui: 0 reclamações em 8 anos,A,páginas próprias de kitesurf e windsurf no site,a contatar,rosa-ibiraquera-extra.md
RX54,Pousada Ibirawave,4 aptos + Casa Lagoa,Barra de Ibiraquera,48 99123-4132; fixo 48 3355-0223,não (Facebook),provável,não encontrado,"OTA 9,3 (30)",A,**sem recepção**: pede contato 5 dias antes. O atendente cobre isso,a contatar,rosa-ibiraquera-extra.md
RX56,Local da Lagoa,chalés e lofts com piscina,Ibiraquera (R. Sardinha),(51) 98932-0353 (bio) ou 51 98406-2373 (Google),@localdalagoa,provável,não encontrado,"Google 4,8 (12)",A,"""proprietários presentes e atenciosos"" (Google)",a contatar,rosa-ibiraquera-extra.md
RX59,Aldeia dos Anjos do Rosa,4 aptos + 2 casas,Av. Porto Novo 871,WhatsApp +55 48 99949-1971; fixo 48 3355-6032,não encontrado,sim,site em inglês,não encontrado,A,"""decoração de móveis de bambu e deck jardim""",a contatar,rosa-ibiraquera-extra.md
RX60,Pousada Las Piedras,pousada com piscina,Praia do Rosa (R. da Pousada Recanto do Rei Sol 200),(48) 99600-1627,@pousadalaspiedras,sim (manda informações aos hóspedes pelo WhatsApp),não encontrado,"**Booking 9,4 (436)**",A,"volume alto, sem site próprio; já atende hóspedes pelo WhatsApp",a contatar,rosa-ibiraquera-extra.md
RX61,Pousada Solar dos Lírios,"pousada de casais (12 suítes, jacuzzi)","Praia do Rosa (Av. Central), 800 m da praia",WhatsApp +55 48 99179-0840,@pousadasolardoslirios,sim,não encontrado,"Trivago 8,9 (721 notas); Expedia 9 (54); TripAdvisor 4,8 (8)",A,"inaugurada em dez/2017; hóspedes elogiam os donos ""actively engaged""",a contatar,ferrugem-barra.md
AD03,Portal Praia do Rosa,imobiliária familiar,Praia do Rosa (R. Idalino Manoel Carvalho),não encontrado,não encontrado (Facebook),não sei,não encontrado,não encontrado,B,CRECI 38055F; corretor também é perito judicial,a contatar,administradoras.md
AD05,Aluguel na Praia do Rosa,anunciante de casas (só Instagram),Praia do Rosa,não encontrado,@casasdealuguelpraiadorosa,não sei,não encontrado,não encontrado,B,perfil dedicado a aluguel de casas no Rosa; contato via DM,a contatar,administradoras.md
AD07,LC Imbituba Imóveis,imobiliária com temporada,"Centro de Imbituba; Vila Nova, Vila Alvorada e Ribanceira","(48) 99982-7712; fixo publicado com erro (""32551-1159"")",não encontrado,não sei,não encontrado,não encontrado,B,"CRECI 7.620; temporada de aptos, casas e até pousadas",a contatar,administradoras.md
AD10,Imobiliária Ilha Bela,"imobiliária, temporada e administração",Garopaba,não encontrado,@imobiliariailhabela,não sei,não encontrado,não encontrado,B,"CRECI 9967-J; ""38 anos"" em Garopaba",a contatar,administradoras.md
AD14,Mourinho Imóveis,imobiliária,Garopaba / Silveira,"WhatsApp (48) 99643-5848 (seg–sáb, 9–18h)",não encontrado,sim,não encontrado,não encontrado,B,página da Praia da Silveira com anual e temporada. **Gancho**: atendimento só das 9h às 18h,a contatar,administradoras.md
AD15,Lorena Guerreiro Imóveis,corretora autônoma,"Garopaba (Morrinhos, Vigia, Silveira)",(48) 98426-2923,@lorenaguerreiroimoveis,não sei,não encontrado,não encontrado,B,CRECI 26662/SC; casa em condomínio na Silveira,a contatar,administradoras.md
AD26,Silveira Invest Imóveis,imobiliária,Garopaba (Ferraz),(48) 99901-5016,não encontrado,não sei,,"""mais de 400 imóveis"" (catálogo total)",B,foco em investimento para locação anual e/ou por temporada; CRECI 7281,a contatar,administradoras.md
AD27,Imobiliária Cris Rulian,corretora,Imbituba / Praia do Rosa,48 99942-9212,não encontrado,não sei,,não encontrado,B,CRECI 30.671; evidência fraca de temporada,a contatar,administradoras.md
FE09,Pousada La Ferrugem Suites,pousada,R. Arco Íris 610,+55 48 99136-3814,não encontrado,não sei,**equipe fala inglês e espanhol** (texto da OTA),"Booking 7,9 (317)",B,"antigo nome provável: ""Pousada Oceano""",a contatar,ferrugem-barra.md
FE10,Pousada Barra da Ferrugem,pousada,Praia da Barra (Encantada),+55 11 98963-3300 / 11 99178-2142; fixo 48 3380-4910,não encontrado (Facebook),não sei,não encontrado,"Booking 8,6 (39)",B,"contatos com DDD 11: dono provavelmente em SP, ou seja, **dono ausente** (conferir)",a contatar,ferrugem-barra.md
FE11,Pousada Moradas da Barra,sobrados de temporada,Praia da Barra,(48) 3254-0269; (51) 99841-8481,@moradasdabarra,não sei,não encontrado,não encontrado,B,sobrados para até 6 pessoas a 30 m da praia; 2 quadras de tênis iluminadas,a contatar,ferrugem-barra.md
FE20,Pousada do Boto,"estilo hostel grande, anos 1990",Estrada Geral do Capão 3660,WhatsApp (48) 99941-9887 / 99212-7861; fixo 48 3254-0056,não encontrado,sim,não encontrado,"Booking 8,3; TripAdvisor 3/5 (26)",B,"""ideal for groups of friends and solo travelers""; público jovem de surf e festa",a contatar,ferrugem-barra.md
FE25,Pousada Estação Ferrugem,"nova, com piscina","R. Jardim da Lagoa, 300 m da praia",fixo +55 48 3254-0306,não encontrado,não sei,não encontrado,TripAdvisor recente,B,aberta há pouco: visita,a contatar,ferrugem-barra.md
GA06,Marina da Praia Residence,pousada (11 unidades),Siriú,+55 48 99972-5807 / 48 99111-1538,não encontrado,não sei,não encontrado,não atribuível (homônima no Centro),B,"unidades Standard, Luxo e Duplex, todas com cozinha. ⚠ não confundir com a Marina da Praia do Centro (marinadapraia.com.br, WhatsApp 48 99185-6670)",a contatar,garopaba.md
GA07,Pousada Costão do Siriú,cabanas rústicas,Siriú,+55 48 99981-6640,não encontrado,não sei,não encontrado,"8,6 (74), agregador",B,"anfitriões ""Seu Zé e Dona Rita""; avaliações antigas. Perfil mais simples",a contatar,garopaba.md
GA10,Pousada Porto dos Casais,pousada (31 aptos),divisa Ouvidor/Rosa,fixo +55 48 3354-0147,não encontrado,não sei,não encontrado,não encontrado,B,piscina coberta e externa; **não aceita pet**,a contatar,garopaba.md
GA14,Pousada da Praia,pousada (20 suítes),"Centro, frente para a praia",fixo (48) 3254-3334,@pousadadapraia_garopaba (incerto),não sei,não encontrado,"Booking 8,6 (415)",B,"suítes com pátio e rede; uma delas é a ""Suíte Praia da Silveira""",a contatar,garopaba.md
GA15,Zangabai,lofts e aptos premium,Praia da Barra (Estrada Geral 2202),não encontrado,@zangabaibarra,não sei,não encontrado,"Booking 9,5",B,"sauna, hammam e quadra de tênis; ~600 m da praia da Barra. Contato pelo Instagram",a contatar,garopaba.md
GA18,Pousada Bem Te Vi,"hostel/pousada (até 70 pessoas), pet friendly",Ferrugem (R. Jardim das Flores 90),WhatsApp +55 48 99180-0190,@pousadabemtevi_garopaba (não confirmado),sim,não encontrado,"Hotels.com 6,2 (10)",B,café elogiado; reclamações de manutenção,a contatar,garopaba.md
GA23,Mares do Sul Pousada,B&B,Centro (R. Francisco Pacheco de Souza 393),fixo 48 3354-1921; reserva@,@pousadamaresdosulof,não sei,não encontrado,"Kayak 9,4 (208); TripAdvisor 4,5 (52), ""melhor custo-benefício no centro""",B,"nota 4,7 em serviço. Só fixo e e-mail: abordar pelo Instagram ou visita",a contatar,garopaba.md
GA26,Pousada Recanto da Vigia,pousada,Centro Histórico,fixo 48 3254-3610 (celular em formato antigo),não encontrado,não sei,não encontrado,não encontrado,B,"""menos de 70 m do mar e da igreja matriz"" (visita)",a contatar,garopaba.md
GA28,Pousada Baleia Franca + Canto da Sereia,"2 pousadas, provavelmente do mesmo dono",Ferrugem (R. das Baleias),fixos 48 3254-0145 / 48 3254-0001,não (Facebook),não sei,não encontrado,não encontrado,B,listadas juntas no TripAdvisor. Visita (só fixo),a contatar,garopaba.md
GA29,Pousada Maré Mar,"pousada (13 quartos), desde 2003","Centro, 90 m da praia",fixo (48) 3254-4368,@pousadamaremarsc,não sei,não encontrado,"Booking 8,4 (92); Trivago 8,0 (427)",B,"elevador e café buffet; localização 9,7. Só fixo: visita",a contatar,garopaba.md
GA38,Pousada Tamarindo,6 quartos com kitchenette,Pinguirito,(48) 99177-3649; fixo 48 3254-3269,não encontrado,provável,não encontrado,"Booking 7,7 (130)",B,notas baixas de limpeza e estrutura (não citar),a contatar,garopaba.md
GA39,Alecrim Pousada,pousada rústica,Campo D'Una (Estrada Geral do Rosa 541),WhatsApp (48) 99908-7324; fixo 48 3354-0032,@alecrimpousadarosa,sim,não encontrado,TripAdvisor 3/5 (~43),B,se vende como Praia do Rosa; avaliações mistas,a contatar,garopaba.md
IB06,Pousada Paraíso da Lagoa,pousada / aptos,Barra de Ibiraquera (R. Porto Belo),não confirmado (snippet: 48 99961-1106),@paraiso.dalagoa,"não sei (hóspedes elogiam a ""resposta rápida via WhatsApp"")",não encontrado,"Booking 8,5 (118)",B,"aptos às margens da lagoa, cozinha completa; depende do Booking",a contatar,ibiraquera.md
IB08,Pousada LagoaMar,pousada média (26 un.),"Barra de Ibiraquera, 80 m da praia",fixo +55 48 3355-0640,@pousadalagoamarsc,não encontrado,não encontrado,não encontrado,B,"22 suítes e 4 sobrados, 9 com vista para o mar; desde 2003",a contatar,ibiraquera.md
IB09,Pousada Estação Ibiraquera,pousada (6 aptos),Barra de Ibiraquera (R. Porto Belo),(48) 99602-8325 / (51) 99976-9598,não encontrado,não sei,não encontrado,"TripAdvisor 4,3 (3)",B,pouco mais de 100 m da praia; churrasqueira coberta,a contatar,ibiraquera.md
IB10,IKC Ibiraquera Kite Center,escola de kite + hospedagem,Lagoa de Cima,(48) 99669-9949 / (48) 99945-3271 / (48) 3354-0901,"@ikckitesurf (~8,8 mil)",não sei,"provável (kite), sem evidência",não encontrado,B,"diz ser ""o maior centro de kitesurf do sul do Brasil""; bio cita hospedagem",a contatar,ibiraquera.md
IM01,Pousada Praia da Villa,pousada (15 aptos com cozinha),"Vila Nova, frente para a Praia da Vila",WhatsApp (48) 99965-2250 (outra fonte: 48 99979-8648); fixo 48 3255-5299,não encontrado (Facebook),sim,não encontrado,"Booking ~9,5 (80+); TripAdvisor 4/5 (13)",B,"piscina com vista para o mar, churrasqueira individual. ⚠ imóvel no mesmo endereço anunciado à venda: perguntar com tato ou pular",a contatar,imbituba.md
IM04,Hotel Pousada Henrique Lage,hotel-pousada (20 quartos),Centro,WhatsApp (48) 99694-9729; fixos 48 3255-0333 / 0147 / 0511,@hotelhenriquelage,sim,não encontrado,"Kayak 7,8 (50); TripAdvisor 3,5 (21)",B,"boliche exclusivo, restaurante e sala de jogos (bio); público mais de negócios ou porto",a contatar,imbituba.md
IM05,Imbituba Surf Hostel,hostel,Centro,(48) 99861-7251,"@imbitubasurfhostel (~9,2 mil)",não sei,"provável (surf), sem evidência",não encontrado,B,"""conexão com a cultura do surf""; cozinha compartilhada elogiada",a contatar,imbituba.md
IM06,Pousada Brisa do Mar,pousada (aptos vista mar),Itapirubá Norte,WhatsApp +55 48 99801-2100,@brisadomarpousada (conferir),sim,não encontrado,"107 avaliações ""Soberbo"" (plataforma não identificada)",B,"⚠ site diz ""temporariamente fechada""; reabertura em 01/10 ou 15/12/2026. Confirmar antes",a contatar,imbituba.md
IM10,Pousada Itapirubá,kitnets e sobrados,"Itapirubá **Sul (Laguna)**, fora da região",WhatsApp (48) 99996-1302; fixo 48 3356-0162,@pousadaitapiruba,provável,não encontrado,TripAdvisor 4/5 (22),B,"anfitriã Eliana elogiada no TripAdvisor; convênios com associações (Abojeris, ASSUFRGS)",a contatar,imbituba.md
IM11,Pousada Cheiro de Mar,"aptos para 4 pessoas, piscina",Vila Nova (Condomínio João Rimsa),fixo (48) 3255-8466,@pousadacheirodemar (conferir),não sei,fraco,"Booking 8,9 (75)",B,"desde 2005; 300 m da Praia da Vila, varanda com vista para o mar; pet friendly. Visita",a contatar,imbituba.md
IM14,Silvestre Praia Hotel,hotel 3* (42 quartos),"Centro, Praia da Vila",WhatsApp (48) 99111-6165; fixos 48 3255-1404 / 1230,@silvestrepraiahotel,sim,não encontrado,"Booking (524), localização 9,4",B,"terraço no rooftop, 2 piscinas",a contatar,imbituba.md
IM18,Cabanas da Ribanceira,cabanas,Ribanceira/Mirim,não encontrado,não encontrado,não sei,não encontrado,"Booking 9,4",B,"donos Guilherme e Clarissa, em Imbituba desde 2001; hóspedes elogiam ""a hospitalidade e simplicidade"". Visita",a contatar,imbituba.md
IM19,Cabanas Santa Riba,2 cabanas,Ribanceira,+55 48 99678-4601,@santariba,provável,não encontrado,não encontrado,B,"""cabanas lindas, seguras, pelo melhor preço da região""; operação pequena",a contatar,imbituba.md
IM21,Pousada Tio Bilia,pousada de estrada + restaurante (14 quartos),Alto Arroio (BR-101 km 279),(48) 99991-2980 / 99182-9943,não encontrado,provável,não encontrado,"Booking 8,3",B,"pet friendly (""equipe que ama animais""); recepção 24h. Outro público (viajante de estrada)",a contatar,imbituba.md
RN03,Sonhos do Rosa Pousada,pousada,Rua do Vale ⚠,WhatsApp (48) 99628-0891,@sonhos_do_rosa,provável,não verificado,"Booking 9,4 (47)",B,"piscina, quartos família com kitchenette; vende pelo Booking e não tem site",a contatar,rosa-norte-centro.md
RN04,Pousada Morada da Lagoa,pousada,Alto do Rosa (mirante),"+55 48 9645-5138 (formato antigo, conferir)",não encontrado,não sei,não verificado,"TripAdvisor 4,9 (30)",B,todos os quartos com sacada e vista para o mar e a Lagoa do Meio,a contatar,rosa-norte-centro.md
RN05,Porto Pousada,pousada,Rosa Norte/Centro (150 m do Pico da Tribo),não encontrado,@portopousadapdr,não sei,não verificado,"Kayak 8,1 (19)",B,inaugurada no verão de 2018,a contatar,rosa-norte-centro.md
RN08,Pousada Suítes do Rosa,pousada,Rosa Norte ⚠ (R. Dente de Leão),WhatsApp (48) 99199-3747,não encontrado,provável,não verificado,não obtido,B,não encontrado,a contatar,rosa-norte-centro.md
RN10,Morada da Praia do Rosa,pousada,Av. Porto Novo (centro),fixo +55 48 3355-7342,não encontrado,não sei,não verificado,Booking 9,B,quartos com hidromassagem; piscina com solário,a contatar,rosa-norte-centro.md
RN11,Vila do Rosa,pousada,Rosa Norte (R. Pico da Tribo),(48) 99110-9000,@viladorosaoficial,não sei,não verificado,não encontrado,B,"""conforto, lazer, praticidade e segurança"" (perfil)",a contatar,rosa-norte-centro.md
RS06,Pousada Rêmora,pousada (adultos e casais),Caminho do Rei 803,WhatsApp +55 48 99912-9667; fixo 48 3355-6050,@pousadaremora (~132 mil),provável,"**sim**: avaliações em espanhol no TripAdvisor, incluindo hóspede de Buenos Aires","TripAdvisor 4/5 (~570–585), 2º entre 65 B&Bs",B,piscina de borda infinita; bistrô exclusivo para hóspedes; quartos com rede,a contatar,rosa-sul.md
RS08,Coração da Terra,pousada,localização divergente (canto sul ou centro),"não encontrado (trecho: ""contato por WhatsApp"")",@pousadacoracaodaterra,provável,não encontrado,"9,0 (269), plataforma não identificada",B,"Fávarô Bistrô num engenho centenário de farinha; **administrada pela Igualite Services**, que também é alvo: possível gestora de várias pousadas",a contatar,rosa-sul.md
RX04,Solar Mirador Exclusive Resort & SPA,resort alto padrão,Alto do Rosa,WhatsApp +55 48 99104-6004; fixo 48 3355-6144,@solarmirador,provável,não encontrado,"TripAdvisor (469), 3º de 65",B,"1,8 ha de mata, vista de 180° do Rosa, spa",a contatar,rosa-ibiraquera-extra.md
RX05,Pousada Morro do Rosa,pousada (7 quartos com cozinha),Praia do Rosa (endereço divergente),fixo +55 48 3355-7203,"@pousadamorrodorosa (~5,6 mil)",não sei,não encontrado,"TripAdvisor 4/5, 32º de 65",B,cozinha privativa; quarto padrão a ~R$ 225,a contatar,rosa-ibiraquera-extra.md
RX06,Vida Sol e Mar EcoResort,"ecoresort (studios, chalés, 14 vilas)",Praia do Rosa,WhatsApp +55 48 99981-0592; fixo 48 3355-6111,não encontrado,provável,site em inglês; listado no i-escape (agência internacional),TripAdvisor 3/5 (153),B,área de 50.000 m²; observação de baleias de julho a outubro,a contatar,rosa-ibiraquera-extra.md
RX14,Pousada Lagoa dos Ventos,pousada (14 quartos),Barra de Ibiraquera (R. Porto Belo),+55 51 99988-8698 / 51 3582-7850 (RS),não encontrado,provável,não encontrado,"Booking 8,3 (25)",B,"contatos do RS (dono ausente): o atendente cobre a distância. Argumento forte, mas a visita é difícil",a contatar,rosa-ibiraquera-extra.md
RX15,Hostel Vale do Rosa,hostel/pousada,"Estrada Geral, ~500 m do centro",WhatsApp (48) 99806-2560,@hostelvaledorosa,provável,fraco (listado em sites internacionais de hostels),"Momondo 7,9 (185)",B,piscina aquecida; ticket baixo,a contatar,rosa-ibiraquera-extra.md
RX25,Sal do Mar Cabanas Charme,cabanas,Praia do Rosa,48 99146-7564,@saldomar_praiadorosa,não sei,não encontrado,não encontrado,B,"piscina sazonal, banho ao ar livre",a contatar,rosa-ibiraquera-extra.md
RX26,Cabanas Kaia Lua,cabanas duplex,perto do centro,WhatsApp +55 48 99613-6151,@cabanas_kaialua,sim,não encontrado,"TripAdvisor 3,9 (13)",B,"aceita pet, piscina. Nota de atendimento 3,3 no TripAdvisor (dor, mas não citar)",a contatar,rosa-ibiraquera-extra.md
RX27,Cabanas Alamanda do Rosa,chalés,Ibiraquera (R. Pau Brasil),não encontrado,@cabanas_alamanda,não sei,fraco (Airbnb em espanhol),não encontrado,B,aceita pet; área gourmet com 2 churrasqueiras e fogão a lenha,a contatar,rosa-ibiraquera-extra.md
RX31,Fazenda do Rosa,pousada beira-mar + restaurante,Praia do Rosa,WhatsApp (48) 99963-2985; fixo 48 3355-7272,não encontrado,sim,não encontrado,"TripAdvisor 4/5 (245), 5º de 65",B,restaurante próprio Maram,a contatar,rosa-ibiraquera-extra.md
RX32,Cabanas Cores do Rosa,cabanas,"centrinho (Av. Porto Novo, atrás do Bar Beleza Pura)",48 99628-7879; fixo 48 3355-7085,@cabanascoresdorosa,provável,não encontrado,"TripAdvisor 2/5 (7); Booking: localização 9,6",B,"localização excelente, mas notas fracas de Wi-Fi e conforto",a contatar,rosa-ibiraquera-extra.md
RX34,Cabanas Prema,"~10 cabanas e suítes, piscina e jacuzzi","Ibiraquera (R. Vital), 800 m do centro",(48) 99605-1610,não (Facebook),provável,"agregador: equipe fala PT, ES e EN","Booking 7,0 (15)",B,cabanas com nomes de divindades hindus,a contatar,rosa-ibiraquera-extra.md
RX36,Rosa Mística,cabanas (2–6 pessoas),Estrada Geral / Caminho do Rei,WhatsApp +55 48 99200-9416,não encontrado,sim,não encontrado,"Booking 7,5 (4)",B,200 m da praia por trilha ao lado da lagoa; uma cabana com hidro,a contatar,rosa-ibiraquera-extra.md
RX39,Pousada Praia Verde,"pousada (6 quartos), pet friendly",**Arroio** (~10 min do Rosa),fixo (48) 3255-0483,@pousadapraiaverde,não sei,não encontrado,"Booking 9,0 (27); Trivago 8,4 (91)",B,"equipe 9,3 no Booking",a contatar,rosa-ibiraquera-extra.md
RX43,Pousada Chalés da Barra,chalés com cozinha,"Barra de Ibiraquera (R. Jovino Tomé), 300 m da praia","fixo (48) 3355-0138 (""ou WhatsApp"")",não (Facebook),provável,não encontrado,TripAdvisor 4/5 (6),B,e-mail @terra.com.br: presença digital antiga. Visita,a contatar,rosa-ibiraquera-extra.md
RX44,Pousada da Ponte Ibiraquera,pousada familiar com vista para a lagoa,Araçatuba (R. da Esperança),+55 48 99175-3932,não encontrado,provável,não encontrado,não encontrado,B,"""simplicidade, contato com a natureza e atendimento pessoal""; não está aceitando reservas pelo Booking",a contatar,rosa-ibiraquera-extra.md
RX51,Pousada Cantinho do Rosa,"aptos mobiliados, piscina, pet friendly",Estrada Geral do Rosa (TripAdvisor: Ibiraquera),fixo (48) 3354-0167,"@nossocantinhodorosa (~3,9 mil)",não sei,não encontrado,"TripAdvisor 5/5, 9º de 25 em Ibiraquera",B,só fixo e Instagram: abordar por DM ou visita,a contatar,rosa-ibiraquera-extra.md
RX52,Pousada dos Reis,pousada (10 quartos com quitinete),Praia de Ibiraquera (R. 6 Leste 124),+55 51 99952-3842 (RS),não encontrado,provável,não encontrado,TripAdvisor 5/5 (Ibiraquera),B,"""a passos do mar, com ótimo custo-benefício""; dono provavelmente no RS",a contatar,rosa-ibiraquera-extra.md
RX53,Pousada Kahuna Praia do Rosa,"cabanas familiares com cozinha, piscina",Ibiraquera/Rosa (endereço divergente),não encontrado,não (Facebook),não sei,não encontrado,"Booking 9,1; TripAdvisor 5/5, 8º de 25",B,"administrada por Adelar e Andrea, que cuidam também das reservas e do atendimento. Visita",a contatar,rosa-ibiraquera-extra.md
RX55,Pousada ChaDay,"pousada (41 quartos), piscina","Barra de Ibiraquera, 300 m do mar",+55 48 99801-9798,@chadaypousada,provável,não encontrado,TripAdvisor 4/5 (51),B,"22 anos de funcionamento; ""abundant and delicious breakfast""",a contatar,rosa-ibiraquera-extra.md
RX57,Estalagem Rosa dos Ventos,"estalagem (10 quartos), piscina, pet",Praia do Rosa (R. Idalino Manoel de Carvalho 9),fixo +55 48 3355-6275,não encontrado,não sei,não encontrado,TripAdvisor 4/5,B,só fixo: visita,a contatar,rosa-ibiraquera-extra.md
AD25,"Seazone (Rosa Spot, Rosa Norte Spot, Rosa Sul Spot)",gestora nacional de Airbnb,Praia do Rosa,não encontrado,não encontrado,não sei,,40 + 44 unidades,C,"empresa nacional, já tem atendimento próprio. Ponto útil: **proprietários desses studios** podem querer atendimento próprio",a contatar,administradoras.md
GA08,A Casa do Ouvidor,casa exclusiva (até 8 hóspedes),Praia do Ouvidor,não encontrado,@acasadoouvidor (~3 mil),não sei,não encontrado,"Airbnb 5,0, ""top 1%""",C,4 quartos; fogão a lenha,a contatar,garopaba.md
GA09,Cabanas do Ouvidor,cabanas,Ouvidor,não encontrado,não encontrado,não sei,não encontrado,duvidoso,C,"Booking indica ""não está recebendo reservas""",a contatar,garopaba.md
GA16,Pousada Beira Mar Ferrugem,pousada (**JJ Hotels Group**),"Ferrugem, canto norte",central (48) 3254-0100 (também WhatsApp),@pousadabeiramarferrugem,sim,não encontrado,"Booking 7,6",C,"""a mais tradicional da Ferrugem"". Se fechar com o grupo, pega várias pousadas de uma vez (falar com a central)",a contatar,garopaba.md
GA20,Pousada Palhocinha,"pousada (**JJ Hotels Group**), pet R$ 35/dia",Ferrugem,central 48 3254-0100; recepção 48 99189-3019,não encontrado,não sei,não encontrado,"TripAdvisor 4,3 (51)",C,"rede; anunciada à venda por R$ 5,98 mi",a contatar,garopaba.md
GA22,Pousada Maria do Mar,pousada simples,"Ferrugem, 400 m do mar",fixo 48 3254-0383,não (Facebook),não sei,fraco (avaliação em inglês),TripAdvisor 4/5 (4),C,"""like a home away from home""; sem celular visível",a contatar,garopaba.md
GA37,Pousada da Encosta,"pousada (10 quartos), piscina",Morrinhos/Ferraz (R. Caribe 322),"WhatsApp +55 48 99814-8517 (""melhor forma de contato""); fixo 48 3254-0100",@daencostagaropaba,sim,não encontrado,"8,7 (534)",C,vista para o mar; já envia reservas por WhatsApp. Pertence ao JJ Hotels Group,a contatar,garopaba.md
GA40,Studio Siriú Sol Nascente,guest house só para adultos,Siriú,não encontrado,não encontrado,não sei,não encontrado,Booking 10 (6),C,vista mar e lareira externa; sem contato,a contatar,garopaba.md
GA41,Village Siriú,aptos completos,Siriú,não encontrado,não (Facebook),não sei,não encontrado,não encontrado,C,"""ambiente familiar""; visita",a contatar,garopaba.md
IM02,Pousada da Villa,aptos,"Vila Nova, 30 m do mar",+55 51 3395-2449 (DDD 51),não encontrado,não sei,não encontrado,"Booking 9,2 (13)",C,contato em Porto Alegre: dono ausente; volume baixo,a contatar,imbituba.md
IM03,Nossa Pousada,pousada,Vila Nova,não encontrado,não encontrado,não sei,não encontrado,"9,2 (19), fonte incerta",C,"CNPJ aberto em ago/2025, negócio novo; sem contato visível (visita)",a contatar,imbituba.md
IM08,Pousada Belas Praia,pousada simples (16 quartos),Ribanceira,não encontrado,@pousada_belaspraia,não sei,não encontrado,"Booking 7,2 (13)",C,⚠ anunciada à venda no mesmo endereço,a contatar,imbituba.md
IM09,Pousada da Jú,kitnets,Ribanceira,+55 48 99937-2688,não (Facebook),não sei,não encontrado,não encontrado,C,R$ 60 por pessoa; ticket baixo,a contatar,imbituba.md
IM12,Zimba Hostel,hostel,perto da Praia do Surf,não encontrado,não encontrado,não sei,não encontrado,não encontrado,C,check-in das 15h às 18h; sem contato público,a contatar,imbituba.md
IM13,Pousada do Mirante,econômica,Centro,fixo (48) 3255-3299,não (Facebook),não sei,não encontrado,"Google 4,3 (~110)",C,⚠ um dos CNPJ consta baixado; sem café,a contatar,imbituba.md
IM15,Praia Hotel Imbituba,hotel 3–4*,em frente à Praia da Vila,fixo +55 48 3255-1700,@praia.hotel.imbituba,não sei,não encontrado,"Booking 9,3 (307–2.537, divergente)",C,piscina aquecida coberta e spa,a contatar,imbituba.md
IM22,Hotel e Restaurante Alto Arroio,hotel de estrada,Alto Arroio (BR-101 km 276),fixo (48) 3355-0141,não encontrado,não sei,não encontrado,TripAdvisor 4/5,C,desde 1985,a contatar,imbituba.md
RN07,Pueblo Rosa Norte,pousada,Rosa Norte,não encontrado,não encontrado,não sei,não verificado,não obtido,C,"kitchenettes, piscina sazonal. Sem contato visível: deixar para depois",a contatar,rosa-norte-centro.md
RS07,Village Praia do Rosa,resort/pousada grande,"Canto sul, trilha privativa",wa.me/5548996017788; fixo 48 3197-1111,@villagepraiadorosa (~130 mil),provável,não encontrado,"TripAdvisor 4/5 (596); Booking 9,8",C,casas e suítes com acesso direto à praia,a contatar,rosa-sul.md
RX11,Pousada do Luz,pousada (15 quartos),Praia do Luz,+55 51 99971-0702 (RS),não encontrado,não sei,não encontrado,"Booking 7,0 (10)",C,dono provavelmente no RS (dono ausente),a contatar,rosa-ibiraquera-extra.md
RX41,Pousada Caminho Nômade,kitnets,Estrada Geral do Rosa,não encontrado,não encontrado,não sei,não encontrado,Booking 10 (16),C,check-in privativo sem recepção; sem contato público,a contatar,rosa-ibiraquera-extra.md
RX45,Pousada Ibiraquera Park,pousada,Estrada Geral da Barra,fixo (48) 3355-0058,não encontrado,não sei,não encontrado,não encontrado,C,presença online fraca; visita,a contatar,rosa-ibiraquera-extra.md
